Workbook

Sheet Итог
A1: Сверка таблиц поступлений (01.07–30.09.2026)
A2: A = файл 44970f48 (журнал поступлений, 13 колонок); B = файл 512c9963 (журнал с колонкой «Счет-фактура», 16 колонок). Сопоставление по полю «Номер».
A4: Строк в A | B4: =COUNTA('Полная сверка'!F2:F119) -> 118
A5: Строк в B | B5: =COUNTA('Полная сверка'!G2:G119) -> 114
A6: Сумма A, ₽ | B6: ='Полная сверка'!F120 -> 54006071
A7: Сумма B, ₽ | B7: ='Полная сверка'!G120 -> 51709045
A8: Разница A − B, ₽ | B8: =B6-B7 -> 2297026.4
A10: Документов нет в B | B10: =COUNTIF('Полная сверка'!O2:O119,"*Нет в B*") -> 4
A11: на сумму, ₽ | B11: =SUMIF('Полная сверка'!O2:O119,"*Нет в B*",'Полная сверка'!F2:F119) -> 2158737.5
A12: Документов с разной суммой | B12: =COUNTIF('Полная сверка'!O2:O119,"*сумма*") -> 5
A13: разница сумм, ₽ | B13: =SUMIF('Полная сверка'!O2:O119,"*сумма*",'Полная сверка'!H2:H119) -> 138288.86
A14: Проверка: объяснённая разница − общая разница (должно быть 0) | B14: =B11+B13-B8 -> 0
A16: Документов с разной датой | B16: =COUNTIF('Полная сверка'!O2:O119,"*дата*") -> 2
A17: Документов с разным складом | B17: =COUNTIF('Полная сверка'!O2:O119,"*склад*") -> 2
A18: Документов с разным комментарием | B18: =COUNTIF('Полная сверка'!O2:O119,"*комментарий*") -> 3
A19: Полностью совпадают | B19: =COUNTIF('Полная сверка'!O2:O119,"Совпадает") -> 104
A21: Примечания:
A22: • Суммы в B по 5 документам ровно в 1,22 раза меньше, чем в A — вероятно, в B указаны без НДС 22%.
A23: • 00НФ-000211 и 00НФ-000260 отсутствуют в B, в A помечены как «дубль».
A24: • 00НФ-000212 и 00НФ-000282 в A помечены «дубль», но в B присутствуют — проверить.
A25: • В B: у 00НФ-000196 «Счет-фактура» = «Отсутствует», у 00НФ-000225 — пусто.
A26: • Цвета: красный — расхождение по сумме / отсутствие документа; жёлтый — прочие расхождения.

Sheet Полная сверка
A1: Номер | B1: Дата (A) | C1: Дата (B) | D1: Контрагент (A) | E1: Контрагент (B) | F1: Сумма (A) | G1: Сумма (B) | H1: Разница A−B | I1: № вх. (A) | J1: № вх. (B) | K1: Склад (A) | L1: Склад (B) | M1: Комментарий (A) | N1: Комментарий (B) | O1: Статус
A2: 00НФ-000311 | B2: 01.07.2026 | C2: 01.07.2026 | D2: ЯКОВ ООО | E2: ЯКОВ ООО | F2: 7658 | G2: 7658 | H2: =N(F2)-N(G2) -> 0 | I2: 247 | J2: 247 | K2: Основной склад Зеллеон | O2: Совпадает
A3: 00НФ-000316 | B3: 01.07.2026 | C3: 01.07.2026 | D3: ЯКОВ ООО | E3: ЯКОВ ООО | F3: 7527.1 | G3: 7527.1 | H3: =N(F3)-N(G3) -> 0 | I3: 390 | J3: 390 | K3: Основной склад Зеллеон | O3: Совпадает
A4: 00НФ-000317 | B4: 01.07.2026 | C4: 01.07.2026 | D4: ЯКОВ ООО | E4: ЯКОВ ООО | F4: 6139.49 | G4: 6139.49 | H4: =N(F4)-N(G4) -> 0 | I4: 308 | J4: 308 | K4: Основной склад Зеллеон | O4: Совпадает
A5: 00НФ-000190 | B5: 02.07.2026 | C5: 02.07.2026 | D5: БРЕНД ТРЕЙД ООО | E5: БРЕНД ТРЕЙД ООО | F5: 1588100 | G5: 1588100 | H5: =N(F5)-N(G5) -> 0 | I5: 256 | J5: 256 | K5: Склад Z ОС | L5: Основной склад Зеллеон | M5: комплектуха ЧЛ | N5: комплектуха ЧЛ | O5: Расхождение: склад
A6: 00НФ-000191 | B6: 03.07.2026 | C6: 03.07.2026 | D6: Деловые Линии ООО | E6: Деловые Линии ООО | F6: 2234 | G6: 2234 | H6: =N(F6)-N(G6) -> 0 | I6: 1369361/0001 | J6: 1369361/0001 | K6: Основной склад Зеллеон | O6: Совпадает
A7: 00НФ-000193 | B7: 07.07.2026 | C7: 07.07.2026 | D7: БЕРКС ООО | E7: БЕРКС ООО | F7: 24890 | G7: 24890 | H7: =N(F7)-N(G7) -> 0 | I7: 2607070615 | J7: 2607070615 | K7: Основной склад Зеллеон | L7: Основной склад Зеллеон | O7: Совпадает
A8: 00НФ-000216 | B8: 08.07.2026 | C8: 08.07.2026 | D8: АКСОФТ АО | E8: АКСОФТ АО | F8: 836.01 | G8: 836.01 | H8: =N(F8)-N(G8) -> 0 | I8: Ax000040535 | J8: Ax000040535 | K8: Основной склад Зеллеон | L8: Основной склад Зеллеон | O8: Совпадает
A9: 00НФ-000208 | B9: 09.07.2026 | C9: 09.07.2026 | D9: ЭЛЕВЕЛ ИНЖЕНЕР АО | E9: ЭЛЕВЕЛ ИНЖЕНЕР АО | F9: 85498.9 | G9: 85498.9 | H9: =N(F9)-N(G9) -> 0 | I9: ЭИ00-0054586 | J9: ЭИ00-0054586 | K9: Основной склад Зеллеон | L9: Основной склад Зеллеон | O9: Совпадает
A10: 00НФ-000209 | B10: 09.07.2026 | C10: 09.07.2026 | D10: Деловые Линии ООО | E10: Деловые Линии ООО | F10: 8795 | G10: 8795 | H10: =N(F10)-N(G10) -> 0 | I10: 1349568/0001 | J10: 1349568/0001 | K10: Основной склад Зеллеон | O10: Совпадает
A11: 00НФ-000196 | B11: 09.07.2026 | C11: 09.07.2026 | D11: Киселева Валентина Матвеевна | E11: Киселева Валентина Матвеевна | F11: 27252 | G11: 27252 | H11: =N(F11)-N(G11) -> 0 | I11: 285 | J11: 285 | K11: Основной склад Зеллеон | L11: Основной склад Зеллеон | O11: Совпадает
A12: 00НФ-000199 | B12: 09.07.2026 | C12: 09.07.2026 | D12: ИП Кожевников Сергей Юрьевич | E12: ИП Кожевников Сергей Юрьевич | F12: 22900 | G12: 22900 | H12: =N(F12)-N(G12) -> 0 | I12: 1242 | J12: 1242 | K12: Основной склад Зеллеон | L12: Основной склад Зеллеон | O12: Совпадает
A13: 00НФ-000203 | B13: 10.07.2026 | C13: 10.07.2026 | D13: ГЕТСИ ЛОГИСТИК ООО (МСК) | E13: ГЕТСИ ЛОГИСТИК ООО (МСК) | F13: 15110.07 | G13: 15110.07 | H13: =N(F13)-N(G13) -> 0 | I13: ГЛ26004447 | J13: ГЛ26004447 | K13: Основной склад Зеллеон | L13: Основной склад Зеллеон | O13: Совпадает
A14: 00НФ-000207 | B14: 10.07.2026 | C14: 10.07.2026 | D14: Деловые Линии ООО | E14: Деловые Линии ООО | F14: 104329 | G14: 104329 | H14: =N(F14)-N(G14) -> 0 | I14: 1376705/0001 | J14: 1376705/0001 | K14: Основной склад Зеллеон | O14: Совпадает
A15: 00НФ-000200 | B15: 10.07.2026 | C15: 10.07.2026 | D15: РЭБИС ООО | E15: РЭБИС ООО | F15: 39500 | G15: 39500 | H15: =N(F15)-N(G15) -> 0 | I15: 18 | J15: 18 | K15: Основной склад Зеллеон | O15: Совпадает
A16: 00НФ-000205 | B16: 11.07.2026 | C16: 11.07.2026 | D16: БЕРКС ООО | E16: БЕРКС ООО | F16: 2092208.8 | G16: 2092208.8 | H16: =N(F16)-N(G16) -> 0 | I16: 2607110080 | J16: 2607110080 | K16: Основной склад Зеллеон | L16: Основной склад Зеллеон | O16: Совпадает
A17: 00НФ-000206 | B17: 11.07.2026 | C17: 11.07.2026 | D17: Деловые Линии ООО | E17: Деловые Линии ООО | F17: 6218 | G17: 6218 | H17: =N(F17)-N(G17) -> 0 | I17: 1369360/0001 | J17: 1369360/0001 | K17: Основной склад Зеллеон | O17: Совпадает
A18: 00НФ-000218 | B18: 13.07.2026 | C18: 13.07.2026 | D18: НОВЫЙ АЙ ТИ ПРОЕКТ ООО | E18: НОВЫЙ АЙ ТИ ПРОЕКТ ООО | F18: 18697.76 | G18: 18697.76 | H18: =N(F18)-N(G18) -> 0 | I18: 51295Л26 | J18: 51295Л26 | K18: Основной склад Зеллеон | L18: Основной склад Зеллеон | O18: Совпадает
A19: 00НФ-000204 | B19: 13.07.2026 | C19: 13.07.2026 | D19: ДНС РИТЕЙЛ ООО (ЛО) | E19: ДНС РИТЕЙЛ ООО (ЛО) | F19: 478794 | G19: 478794 | H19: =N(F19)-N(G19) -> 0 | I19: Г-00368210/11094 | J19: Г-00368210/11094 | K19: Основной склад Зеллеон | L19: Основной склад Зеллеон | O19: Совпадает
A20: 00НФ-000215 | B20: 14.07.2026 | C20: 14.07.2026 | D20: ЛАНДИС ООО | E20: ЛАНДИС ООО | F20: 110376.05 | G20: 110376.05 | H20: =N(F20)-N(G20) -> 0 | I20: 14-07-0153 | J20: 14-07-0153 | K20: Основной склад Зеллеон | L20: Основной склад Зеллеон | O20: Совпадает
A21: 00НФ-000226 | B21: 15.07.2026 | C21: 15.07.2026 | D21: ГЕТСИ ЛОГИСТИК ООО (МСК) | E21: ГЕТСИ ЛОГИСТИК ООО (МСК) | F21: 10053.29 | G21: 10053.29 | H21: =N(F21)-N(G21) -> 0 | I21: ГЛ26004549 | J21: ГЛ26004549 | K21: Основной склад Зеллеон | L21: Основной склад Зеллеон | O21: Совпадает
A22: 00НФ-000232 | B22: 15.07.2026 | C22: 15.07.2026 | D22: Обособленное подразделение "ДНС Ритейл ООО | E22: Обособленное подразделение "ДНС Ритейл ООО | F22: 66897 | G22: 66897 | H22: =N(F22)-N(G22) -> 0 | I22: Г-00412103/11134 | J22: Г-00412103/11134 | K22: Основной склад Зеллеон | L22: Основной склад Зеллеон | O22: Совпадает
A23: 00НФ-000233 | B23: 15.07.2026 | C23: 15.07.2026 | D23: Обособленное подразделение "ДНС Ритейл ООО | E23: Обособленное подразделение "ДНС Ритейл ООО | F23: 478794 | G23: 478794 | H23: =N(F23)-N(G23) -> 0 | I23: Г-00401504/11134 | J23: Г-00401504/11134 | K23: Основной склад Зеллеон | L23: Основной склад Зеллеон | O23: Совпадает
A24: 00НФ-000234 | B24: 15.07.2026 | C24: 15.07.2026 | D24: Обособленное подразделение "ДНС Ритейл ООО | E24: Обособленное подразделение "ДНС Ритейл ООО | F24: 159598 | G24: 159598 | H24: =N(F24)-N(G24) -> 0 | I24: Г-00401807/11134 | J24: Г-00401807/11134 | K24: Основной склад Зеллеон | L24: Основной склад Зеллеон | O24: Совпадает
A25: 00НФ-000235 | B25: 15.07.2026 | C25: 15.07.2026 | D25: Обособленное подразделение "ДНС Ритейл ООО | E25: Обособленное подразделение "ДНС Ритейл ООО | F25: 70499 | G25: 70499 | H25: =N(F25)-N(G25) -> 0 | I25: Г-00368225/11134 | J25: Г-00368225/11134 | K25: Основной склад Зеллеон | L25: Основной склад Зеллеон | O25: Совпадает
A26: 00НФ-000211 | B26: 15.07.2026 | D26: КАРИН ООО | F26: 17995.23 | H26: =N(F26)-N(G26) -> 17995.23 | I26: КР04–30/81 | K26: Основной склад Зеллеон | M26: дублдь | O26: Расхождение: Нет в B
A27: 00НФ-000212 | B27: 15.07.2026 | C27: 15.07.2026 | D27: Обособленное подразделение "ДНС Ритейл ООО | E27: Обособленное подразделение "ДНС Ритейл ООО | F27: 159598 | G27: 159598 | H27: =N(F27)-N(G27) -> 0 | I27: проверит | J27: проверит | K27: Основной склад Зеллеон | L27: Основной склад Зеллеон | M27: дубль | O27: Расхождение: комментарий
A28: 00НФ-000213 | B28: 15.07.2026 | C28: 15.07.2026 | D28: ГРИНПЛЕЙС ООО | E28: ГРИНПЛЕЙС ООО | F28: 70914.85 | G28: 70914.85 | H28: =N(F28)-N(G28) -> 0 | I28: 2607150032 | J28: 2607150032 | K28: Основной склад Зеллеон | L28: Основной склад Зеллеон | O28: Совпадает
A29: 00НФ-000214 | B29: 15.07.2026 | C29: 15.07.2026 | D29: БЕРКС ООО | E29: БЕРКС ООО | F29: 152682.69 | G29: 152682.69 | H29: =N(F29)-N(G29) -> 0 | I29: 2607150549 | J29: 2607150549 | K29: Основной склад Зеллеон | L29: Основной склад Зеллеон | O29: Совпадает
A30: 00НФ-000217 | B30: 15.07.2026 | C30: 15.07.2026 | D30: БЕРКС ООО | E30: БЕРКС ООО | F30: 93451 | G30: 93451 | H30: =N(F30)-N(G30) -> 0 | I30: 2607090427 | J30: 2607090427 | K30: Основной склад Зеллеон | L30: Основной склад Зеллеон | O30: Совпадает
A31: 00НФ-000219 | B31: 15.07.2026 | C31: 15.07.2026 | D31: ГЕТСИ ЛОГИСТИК ООО (МСК) | E31: ГЕТСИ ЛОГИСТИК ООО (МСК) | F31: 48424.64 | G31: 48424.64 | H31: =N(F31)-N(G31) -> 0 | I31: ГЛ26004516 | J31: ГЛ26004516 | K31: Основной склад Зеллеон | L31: Основной склад Зеллеон | O31: Совпадает
A32: 00НФ-000220 | B32: 15.07.2026 | C32: 15.07.2026 | D32: БЕРКС ООО | E32: БЕРКС ООО | F32: 131344.47 | G32: 131344.47 | H32: =N(F32)-N(G32) -> 0 | I32: 2607150550 | J32: 2607150550 | K32: Основной склад Зеллеон | L32: Основной склад Зеллеон | O32: Совпадает
A33: 00НФ-000256 | B33: 15.07.2026 | C33: 15.07.2026 | D33: ПРОФ РУ КОМ ООО | E33: ПРОФ РУ КОМ ООО | F33: 19002.08 | G33: 19002.08 | H33: =N(F33)-N(G33) -> 0 | I33: 475 | J33: 475 | K33: Основной склад Зеллеон | L33: Основной склад Зеллеон | O33: Совпадает
A34: 00НФ-000225 | B34: 17.07.2026 | C34: 17.07.2026 | D34: БЕРКС ООО | E34: БЕРКС ООО | F34: 32944.47 | G34: 32944.47 | H34: =N(F34)-N(G34) -> 0 | I34: 2607170599 | J34: 2607170599 | K34: Основной склад Зеллеон | L34: Основной склад Зеллеон | O34: Совпадает
A35: 00НФ-000230 | B35: 20.07.2026 | C35: 20.07.2026 | D35: Деловые Линии ООО | E35: Деловые Линии ООО | F35: 3992 | G35: 3992 | H35: =N(F35)-N(G35) -> 0 | I35: 1404141/0001 | J35: 1404141/0001 | K35: Основной склад Зеллеон | O35: Совпадает
A36: 00НФ-000229 | B36: 22.07.2026 | C36: 22.07.2026 | D36: Обособленное подразделение "ДНС Ритейл ООО (Пятигорск) | E36: Обособленное подразделение "ДНС Ритейл ООО (Пятигорск) | F36: 309364 | G36: 309364 | H36: =N(F36)-N(G36) -> 0 | I36: Е-00276002/5209 | J36: Е-00276002/5209 | K36: Основной склад Зеллеон | L36: Основной склад Зеллеон | O36: Совпадает
A37: 00НФ-000224 | B37: 23.07.2026 | C37: 23.07.2026 | D37: ЛАНДИС ООО | E37: ЛАНДИС ООО | F37: 68662.23 | G37: 68662.23 | H37: =N(F37)-N(G37) -> 0 | I37: 23-07-0252 | J37: 23-07-0252 | K37: Основной склад Зеллеон | L37: Основной склад Зеллеон | O37: Совпадает
A38: 00НФ-000227 | B38: 23.07.2026 | C38: 23.07.2026 | D38: ЛАНДИС ООО | E38: ЛАНДИС ООО | F38: 441560.23 | G38: 441560.23 | H38: =N(F38)-N(G38) -> 0 | I38: 23-07-0251 | J38: 23-07-0251 | K38: Основной склад Зеллеон | L38: Основной склад Зеллеон | O38: Совпадает
A39: 00НФ-000228 | B39: 23.07.2026 | C39: 23.07.2026 | D39: ЛАНДИС ООО | E39: ЛАНДИС ООО | F39: 230376.9 | G39: 230376.9 | H39: =N(F39)-N(G39) -> 0 | I39: 23-07-0253 | J39: 23-07-0253 | K39: Основной склад Зеллеон | L39: Основной склад Зеллеон | O39: Совпадает
A40: 00НФ-000231 | B40: 23.07.2026 | C40: 23.07.2026 | D40: ПЭК ООО | E40: ПЭК ООО | F40: 1687.1 | G40: 1687.1 | H40: =N(F40)-N(G40) -> 0 | I40: СПП0720000065/78 | J40: СПП0720000065/78 | K40: Основной склад Зеллеон | O40: Совпадает
A41: 00НФ-000255 | B41: 23.07.2026 | C41: 23.07.2026 | D41: ПРОФ РУ КОМ ООО | E41: ПРОФ РУ КОМ ООО | F41: 217395.29 | G41: 217395.29 | H41: =N(F41)-N(G41) -> 0 | I41: 505 | J41: 505 | K41: Основной склад Зеллеон | L41: Основной склад Зеллеон | O41: Совпадает
A42: 00НФ-000237 | B42: 24.07.2026 | C42: 24.07.2026 | D42: БЕРКС ООО | E42: БЕРКС ООО | F42: 179447.52 | G42: 179447.52 | H42: =N(F42)-N(G42) -> 0 | I42: 2607240487 | J42: 2607240487 | K42: Основной склад Зеллеон | L42: Основной склад Зеллеон | O42: Совпадает
A43: 00НФ-000240 | B43: 27.07.2026 | C43: 27.07.2026 | D43: НОВЫЙ АЙ ТИ ПРОЕКТ ООО | E43: НОВЫЙ АЙ ТИ ПРОЕКТ ООО | F43: 59590.73 | G43: 59590.73 | H43: =N(F43)-N(G43) -> 0 | I43: 55085Л26 | J43: 55085Л26 | K43: Основной склад Зеллеон | L43: Основной склад Зеллеон | O43: Совпадает
A44: 00НФ-000241 | B44: 27.07.2026 | C44: 27.07.2026 | D44: НОВЫЙ АЙ ТИ ПРОЕКТ ООО | E44: НОВЫЙ АЙ ТИ ПРОЕКТ ООО | F44: 36228.21 | G44: 36228.21 | H44: =N(F44)-N(G44) -> 0 | I44: 55090Л26 | J44: 55090Л26 | K44: Основной склад Зеллеон | L44: Основной склад Зеллеон | O44: Совпадает
A45: 00НФ-000243 | B45: 27.07.2026 | C45: 27.07.2026 | D45: НОВЫЙ АЙ ТИ ПРОЕКТ ООО | E45: НОВЫЙ АЙ ТИ ПРОЕКТ ООО | F45: 208199.42 | G45: 208199.42 | H45: =N(F45)-N(G45) -> 0 | I45: 55087Л26 | J45: 55087Л26 | K45: Основной склад Зеллеон | L45: Основной склад Зеллеон | O45: Совпадает
A46: 00НФ-000236 | B46: 27.07.2026 | C46: 27.07.2026 | D46: ГРИНПЛЕЙС ООО | E46: ГРИНПЛЕЙС ООО | F46: 87657.23 | G46: 87657.23 | H46: =N(F46)-N(G46) -> 0 | I46: 2607270052 | J46: 2607270052 | K46: Основной склад Зеллеон | L46: Основной склад Зеллеон | O46: Совпадает
A47: 00НФ-000238 | B47: 27.07.2026 | C47: 27.07.2026 | D47: БЕРКС ООО | E47: БЕРКС ООО | F47: 256534.02 | G47: 256534.02 | H47: =N(F47)-N(G47) -> 0 | I47: 2607270560 | J47: 2607270560 | K47: Основной склад Зеллеон | L47: Основной склад Зеллеон | O47: Совпадает
A48: 00НФ-000247 | B48: 28.07.2026 | C48: 28.07.2026 | D48: ОНЛАЙН ТРЕЙДИНГ ООО | E48: ОНЛАЙН ТРЕЙДИНГ ООО | F48: 3492705 | G48: 3492705 | H48: =N(F48)-N(G48) -> 0 | I48: 6099 | J48: 6099 | K48: Основной склад Зеллеон | L48: Основной склад Зеллеон | O48: Совпадает
A49: 00НФ-000239 | B49: 28.07.2026 | C49: 28.07.2026 | D49: Деловые Линии ООО | E49: Деловые Линии ООО | F49: 285 | G49: 285 | H49: =N(F49)-N(G49) -> 0 | I49: 5155058/1257 | J49: 5155058/1257 | K49: Основной склад Зеллеон | O49: Совпадает
A50: 00НФ-000244 | B50: 29.07.2026 | C50: 29.07.2026 | D50: ЛАНДИС ООО | E50: ЛАНДИС ООО | F50: 29450.37 | G50: 29450.37 | H50: =N(F50)-N(G50) -> 0 | I50: 29-07-0225 | J50: 29-07-0225 | K50: Основной склад Зеллеон | L50: Основной склад Зеллеон | O50: Совпадает
A51: 00НФ-000242 | B51: 29.07.2026 | C51: 29.07.2026 | D51: Деловые Линии ООО | E51: Деловые Линии ООО | F51: 11116 | G51: 11116 | H51: =N(F51)-N(G51) -> 0 | I51: 1691358/1257 | J51: 1691358/1257 | K51: Основной склад Зеллеон | O51: Совпадает
A52: 00НФ-000288 | B52: 31.07.2026 | C52: 31.07.2026 | D52: Силанов Дмитрий Алексеевич ИП | E52: Силанов Дмитрий Алексеевич ИП | F52: 27826.29 | G52: 27826.29 | H52: =N(F52)-N(G52) -> 0 | I52: М2С-0003684 | J52: М2С-0003684 | K52: Основной склад Зеллеон | O52: Совпадает
A53: 00НФ-000249 | B53: 31.07.2026 | C53: 31.07.2026 | D53: Деловые Линии ООО | E53: Деловые Линии ООО | F53: 1554 | G53: 1554 | H53: =N(F53)-N(G53) -> 0 | I53: 1701060/1257 | J53: 1701060/1257 | K53: Основной склад Зеллеон | O53: Совпадает
A54: 00НФ-000252 | B54: 31.07.2026 | C54: 31.07.2026 | D54: ЛИКАРД ООО | E54: ЛИКАРД ООО | F54: 44737.29 | G54: 44737.29 | H54: =N(F54)-N(G54) -> 0 | I54: 212625007098 | J54: 212625007098 | K54: Основной склад Зеллеон | L54: Основной склад Зеллеон | O54: Совпадает
A55: 00НФ-000253 | B55: 31.07.2026 | C55: 31.07.2026 | D55: ЛИКАРД ООО | E55: ЛИКАРД ООО | F55: 671.06 | G55: 671.06 | H55: =N(F55)-N(G55) -> 0 | I55: 212625007101 | J55: 212625007101 | K55: Основной склад Зеллеон | O55: Совпадает
A56: 00НФ-000312 | B56: 31.07.2026 | C56: 31.07.2026 | D56: ЯКОВ ООО | E56: ЯКОВ ООО | F56: 73200 | G56: 73200 | H56: =N(F56)-N(G56) -> 0 | I56: 441 | J56: 441 | K56: Основной склад Зеллеон | O56: Совпадает
A57: 00НФ-000315 | B57: 31.07.2026 | C57: 31.07.2026 | D57: ЯКОВ ООО | E57: ЯКОВ ООО | F57: 16901.29 | G57: 16901.29 | H57: =N(F57)-N(G57) -> 0 | I57: 450 | J57: 450 | K57: Основной склад Зеллеон | O57: Совпадает
A58: 00НФ-000245 | B58: 01.08.2026 | C58: 01.08.2026 | D58: ЛАНДИС ООО | E58: ЛАНДИС ООО | F58: 7469.59 | G58: 7469.59 | H58: =N(F58)-N(G58) -> 0 | I58: 1-08-0072 | J58: 1-08-0072 | K58: Основной склад Зеллеон | L58: Основной склад Зеллеон | O58: Совпадает
A59: 00НФ-000246 | B59: 03.08.2026 | C59: 30.07.2026 | D59: БЕРКС ООО | E59: БЕРКС ООО | F59: 1174912.1 | G59: 1174912.1 | H59: =N(F59)-N(G59) -> 0 | I59: 2608030455 | J59: 2608030455 | K59: Основной склад Зеллеон | L59: Основной склад Зеллеон | M59: коррекция до 1 102 888,39 | N59: коррекция до 1 102 888,39-дата изменена на 30.07,для списания | O59: Расхождение: дата, комментарий
A60: 00НФ-000261 | B60: 07.08.2026 | C60: 07.08.2026 | D60: ПЭК ООО | E60: ПЭК ООО | F60: 53807.01 | G60: 53807.01 | H60: =N(F60)-N(G60) -> 0 | I60: ПТП0807000017/72 | J60: ПТП0807000017/72 | K60: Основной склад Зеллеон | O60: Совпадает
A61: 00НФ-000248 | B61: 07.08.2026 | C61: 07.08.2026 | D61: НОВОФОН-ОС ООО | E61: НОВОФОН-ОС ООО | F61: 296.45 | G61: 296.45 | H61: =N(F61)-N(G61) -> 0 | I61: NFOS0056717 | J61: NFOS0056717 | K61: Основной склад Зеллеон | O61: Совпадает
A62: 00НФ-000250 | B62: 07.08.2026 | C62: 07.08.2026 | D62: Деловые Линии ООО | E62: Деловые Линии ООО | F62: 285 | G62: 285 | H62: =N(F62)-N(G62) -> 0 | I62: 5157943/1257 | J62: 5157943/1257 | K62: Основной склад Зеллеон | O62: Совпадает
A63: 00НФ-000251 | B63: 07.08.2026 | C63: 07.08.2026 | D63: Деловые Линии ООО | E63: Деловые Линии ООО | F63: 65397 | G63: 65397 | H63: =N(F63)-N(G63) -> 0 | I63: 1435457/0001 | J63: 1435457/0001 | K63: Основной склад Зеллеон | O63: Совпадает
A64: 00НФ-000254 | B64: 10.08.2026 | C64: 10.08.2026 | D64: ПРОФ РУ КОМ ООО | E64: ПРОФ РУ КОМ ООО | F64: 41800 | G64: 41800 | H64: =N(F64)-N(G64) -> 0 | I64: 564 | J64: 564 | K64: Основной склад Зеллеон | L64: Основной склад Зеллеон | O64: Совпадает
A65: 00НФ-000262 | B65: 12.08.2026 | C65: 12.08.2026 | D65: Деловые Линии ООО | E65: Деловые Линии ООО | F65: 295 | G65: 295 | H65: =N(F65)-N(G65) -> 0 | I65: 5167828/1257 | J65: 5167828/1257 | K65: Основной склад Зеллеон | O65: Совпадает
A66: 00НФ-000263 | B66: 12.08.2026 | C66: 12.08.2026 | D66: Деловые Линии ООО | E66: Деловые Линии ООО | F66: 1463 | G66: 1463 | H66: =N(F66)-N(G66) -> 0 | I66: 1745930/1257 | J66: 1745930/1257 | K66: Основной склад Зеллеон | O66: Совпадает
A67: 00НФ-000306 | B67: 13.08.2026 | C67: 13.08.2026 | D67: БРЕНД ТРЕЙД ООО | E67: БРЕНД ТРЕЙД ООО | F67: 1258760 | G67: 1258760 | H67: =N(F67)-N(G67) -> 0 | I67: 322 | J67: 322 | K67: Основной склад Зеллеон | L67: Основной склад Зеллеон | O67: Совпадает
A68: 00НФ-000257 | B68: 14.08.2026 | C68: 14.08.2026 | D68: РЭБИС ООО | E68: РЭБИС ООО | F68: 22500 | G68: 22500 | H68: =N(F68)-N(G68) -> 0 | I68: 22 | J68: 22 | K68: Основной склад Зеллеон | O68: Совпадает
A69: 00НФ-000259 | B69: 14.08.2026 | C69: 14.08.2026 | D69: БЕРКС ООО | E69: БЕРКС ООО | F69: 47769.3 | G69: 47769.3 | H69: =N(F69)-N(G69) -> 0 | I69: 2608140600 | J69: 2608140600 | K69: Основной склад Зеллеон | L69: Основной склад Зеллеон | O69: Совпадает
A70: 00НФ-000264 | B70: 17.08.2026 | C70: 17.08.2026 | D70: Обособленное подразделение "ДНС Ритейл ООО | E70: Обособленное подразделение "ДНС Ритейл ООО | F70: 25399 | G70: 25399 | H70: =N(F70)-N(G70) -> 0 | I70: Г-00477536/11134 | J70: Г-00477536/11134 | K70: Основной склад Зеллеон | L70: Основной склад Зеллеон | O70: Совпадает
A71: 00НФ-000265 | B71: 18.08.2026 | C71: 18.08.2026 | D71: Деловые Линии ООО | E71: Деловые Линии ООО | F71: 92486 | G71: 92486 | H71: =N(F71)-N(G71) -> 0 | I71: 1462561/0001 | J71: 1462561/0001 | K71: Основной склад Зеллеон | O71: Совпадает
A72: 00НФ-000266 | B72: 20.08.2026 | C72: 20.08.2026 | D72: ОНЛАЙН ТРЕЙДИНГ ООО | E72: ОНЛАЙН ТРЕЙДИНГ ООО | F72: 6025 | G72: 6025 | H72: =N(F72)-N(G72) -> 0 | I72: 6732 | J72: 6732 | K72: Основной склад Зеллеон | L72: Основной склад Зеллеон | O72: Совпадает
A73: 00НФ-000258 | B73: 20.08.2026 | C73: 18.08.2026 | D73: БЕРКС ООО | E73: БЕРКС ООО | F73: 1824025.4 | G73: 1824025.4 | H73: =N(F73)-N(G73) -> 0 | I73: 2608180060 | J73: 2608180060 | K73: Основной склад Зеллеон | L73: Основной склад Зеллеон | O73: Расхождение: дата
A74: 00НФ-000267 | B74: 21.08.2026 | C74: 21.08.2026 | D74: ЛАНДИС ООО | E74: ЛАНДИС ООО | F74: 73363.24 | G74: 73363.24 | H74: =N(F74)-N(G74) -> 0 | I74: 21-08-0165 | J74: 21-08-0165 | K74: Основной склад Зеллеон | L74: Основной склад Зеллеон | O74: Совпадает
A75: 00НФ-000268 | B75: 21.08.2026 | C75: 21.08.2026 | D75: ЛАНДИС ООО | E75: ЛАНДИС ООО | F75: 44345 | G75: 44345 | H75: =N(F75)-N(G75) -> 0 | I75: 21-08-0049 | J75: 21-08-0049 | K75: Основной склад Зеллеон | L75: Основной склад Зеллеон | O75: Совпадает
A76: 00НФ-000275 | B76: 21.08.2026 | C76: 21.08.2026 | D76: ЛАНДИС ООО | E76: ЛАНДИС ООО | F76: 56216.8 | G76: 56216.8 | H76: =N(F76)-N(G76) -> 0 | I76: 21-08-0164 | J76: 21-08-0164 | K76: Основной склад Зеллеон | L76: Основной склад Зеллеон | O76: Совпадает
A77: 00НФ-000270 | B77: 24.08.2026 | C77: 24.08.2026 | D77: БЕРКС ООО | E77: БЕРКС ООО | F77: 153019.91 | G77: 153019.91 | H77: =N(F77)-N(G77) -> 0 | I77: 2608240637 | J77: 2608240637 | K77: Основной склад Зеллеон | L77: Основной склад Зеллеон | O77: Совпадает
A78: 00НФ-000271 | B78: 25.08.2026 | C78: 25.08.2026 | D78: БЕРКС ООО | E78: БЕРКС ООО | F78: 76000 | G78: 76000 | H78: =N(F78)-N(G78) -> 0 | I78: 2608250663 | J78: 2608250663 | K78: Основной склад Зеллеон | L78: Основной склад Зеллеон | O78: Совпадает
A79: 00НФ-000272 | B79: 25.08.2026 | C79: 25.08.2026 | D79: БЕРКС ООО | E79: БЕРКС ООО | F79: 100309.33 | G79: 100309.33 | H79: =N(F79)-N(G79) -> 0 | I79: 2608250664 | J79: 2608250664 | K79: Основной склад Зеллеон | L79: Основной склад Зеллеон | O79: Совпадает
A80: 00НФ-000273 | B80: 25.08.2026 | C80: 25.08.2026 | D80: ГРИНПЛЕЙС ООО | E80: ГРИНПЛЕЙС ООО | F80: 27507.15 | G80: 27507.15 | H80: =N(F80)-N(G80) -> 0 | I80: 2608250063 | J80: 2608250063 | K80: Основной склад Зеллеон | L80: Основной склад Зеллеон | O80: Совпадает
A81: 00НФ-000269 | B81: 28.08.2026 | C81: 28.08.2026 | D81: Деловые Линии ООО | E81: Деловые Линии ООО | F81: 4810 | G81: 4810 | H81: =N(F81)-N(G81) -> 0 | I81: 1408365/0001 | J81: 1408365/0001 | K81: Основной склад Зеллеон | O81: Совпадает
A82: 00НФ-000274 | B82: 28.08.2026 | C82: 28.08.2026 | D82: АБСОЛЮТ ТРЕЙД ООО | E82: АБСОЛЮТ ТРЕЙД ООО | F82: 127710 | G82: 127710 | H82: =N(F82)-N(G82) -> 0 | I82: 8280272 | J82: 8280272 | K82: Основной склад Зеллеон | L82: Основной склад Зеллеон | O82: Совпадает
A83: 00НФ-000276 | B83: 28.08.2026 | C83: 28.08.2026 | D83: СЕЛЕКТИС ООО | E83: СЕЛЕКТИС ООО | F83: 197700 | G83: 162049.18 | H83: =N(F83)-N(G83) -> 35650.82 | I83: 117 | J83: 117 | K83: Основной склад Зеллеон | L83: Основной склад Зеллеон | O83: Расхождение: сумма (A/B = 1.22)
A84: 00НФ-000260 | B84: 31.08.2026 | D84: БЕРКС ООО | F84: 2092208.8 | H84: =N(F84)-N(G84) -> 2092208.8 | I84: 2607110080 | K84: Основной склад Зеллеон | M84: дубль | O84: Расхождение: Нет в B
A85: 00НФ-000283 | B85: 31.08.2026 | C85: 31.08.2026 | D85: Силанов Дмитрий Алексеевич ИП | E85: Силанов Дмитрий Алексеевич ИП | F85: 15914.61 | G85: 15914.61 | H85: =N(F85)-N(G85) -> 0 | I85: М2С-0004378 | J85: М2С-0004378 | K85: Основной склад Зеллеон | O85: Совпадает
A86: 00НФ-000291 | B86: 31.08.2026 | C86: 31.08.2026 | D86: НОВОФОН-ОС ООО | E86: НОВОФОН-ОС ООО | F86: 290.03 | G86: 290.03 | H86: =N(F86)-N(G86) -> 0 | I86: NFOS0065844 | J86: NFOS0065844 | K86: Основной склад Зеллеон | O86: Совпадает
A87: 00НФ-000277 | B87: 31.08.2026 | C87: 31.08.2026 | D87: СЕЛЕКТИС ООО | E87: СЕЛЕКТИС ООО | F87: 1086048 | G87: 1086048 | H87: =N(F87)-N(G87) -> 0 | I87: 118 | J87: 118 | K87: Основной склад Зеллеон | L87: Основной склад Зеллеон | O87: Совпадает
A88: 00НФ-000296 | B88: 31.08.2026 | C88: 31.08.2026 | D88: ЛИКАРД ООО | E88: ЛИКАРД ООО | F88: 1067.68 | G88: 1067.68 | H88: =N(F88)-N(G88) -> 0 | I88: 243625002126 | J88: 243625002126 | K88: Основной склад Зеллеон | O88: Совпадает
A89: 00НФ-000297 | B89: 31.08.2026 | C89: 31.08.2026 | D89: ЛИКАРД ООО | E89: ЛИКАРД ООО | F89: 71178.63 | G89: 71178.63 | H89: =N(F89)-N(G89) -> 0 | I89: 243625002121 | J89: 243625002121 | K89: Основной склад Зеллеон | L89: Основной склад Зеллеон | O89: Совпадает
A90: 00НФ-000313 | B90: 31.08.2026 | C90: 31.08.2026 | D90: ЯКОВ ООО | E90: ЯКОВ ООО | F90: 73200 | G90: 73200 | H90: =N(F90)-N(G90) -> 0 | I90: 505 | J90: 505 | K90: Основной склад Зеллеон | O90: Совпадает
A91: 00НФ-000294 | B91: 08.09.2026 | C91: 08.09.2026 | D91: Обособленное подразделение "ДНС Ритейл ООО | E91: Обособленное подразделение "ДНС Ритейл ООО | F91: 25998 | G91: 25998 | H91: =N(F91)-N(G91) -> 0 | I91: Г-00546243/11134 | J91: Г-00546243/11134 | K91: Основной склад Зеллеон | L91: Основной склад Зеллеон | O91: Совпадает
A92: 00НФ-000282 | B92: 14.09.2026 | C92: 14.09.2026 | D92: ЭЛТЕКС СПБ ООО | E92: ЭЛТЕКС СПБ ООО | F92: 146355 | G92: 146355 | H92: =N(F92)-N(G92) -> 0 | I92: 579 | J92: 579 | K92: Основной склад Зеллеон | L92: Основной склад Зеллеон | M92: дубль | O92: Расхождение: комментарий
A93: 00НФ-000284 | B93: 14.09.2026 | C93: 14.09.2026 | D93: ЛАНДИС ООО | E93: ЛАНДИС ООО | F93: 8683409.1 | G93: 8683409.1 | H93: =N(F93)-N(G93) -> 0 | I93: 14-09-0179 | J93: 14-09-0179 | K93: Основной склад Зеллеон | L93: Основной склад Зеллеон | O93: Совпадает
A94: 00НФ-000289 | B94: 14.09.2026 | C94: 14.09.2026 | D94: ОНЛАЙН ТРЕЙДИНГ ООО | E94: ОНЛАЙН ТРЕЙДИНГ ООО | F94: 392320 | G94: 392320 | H94: =N(F94)-N(G94) -> 0 | I94: 7381 | J94: 7381 | K94: Основной склад Зеллеон | L94: Основной склад Зеллеон | O94: Совпадает
A95: 00НФ-000295 | B95: 14.09.2026 | C95: 14.09.2026 | D95: БЕРКС ООО | E95: БЕРКС ООО | F95: 253141.28 | G95: 253141.28 | H95: =N(F95)-N(G95) -> 0 | I95: 2609140636 | J95: 2609140636 | K95: Основной склад Зеллеон | L95: Основной склад Зеллеон | O95: Совпадает
A96: 00НФ-000278 | B96: 14.09.2026 | C96: 14.09.2026 | D96: ЭЛТЕКС СПБ ООО | E96: ЭЛТЕКС СПБ ООО | F96: 146355 | G96: 146355 | H96: =N(F96)-N(G96) -> 0 | I96: 579 | J96: 579 | K96: Основной склад Зеллеон | L96: Основной склад Зеллеон | O96: Совпадает
A97: 00НФ-000279 | B97: 15.09.2026 | C97: 15.09.2026 | D97: Обособленное подразделение "ДНС Ритейл ООО | E97: Обособленное подразделение "ДНС Ритейл ООО | F97: 136794 | G97: 112126.23 | H97: =N(F97)-N(G97) -> 24667.77 | I97: Г-00490162/11094 | J97: Г-00490162/11094 | K97: Основной склад Зеллеон | L97: Основной склад Зеллеон | O97: Расхождение: сумма (A/B = 1.22)
A98: 00НФ-000280 | B98: 15.09.2026 | C98: 15.09.2026 | D98: ДНС РИТЕЙЛ ООО | E98: ДНС РИТЕЙЛ ООО | F98: 152985 | G98: 125397.54 | H98: =N(F98)-N(G98) -> 27587.46 | I98: Г-00551975/11094 | J98: Г-00551975/11094 | K98: Основной склад Зеллеон | L98: Основной склад Зеллеон | O98: Расхождение: сумма (A/B = 1.22)
A99: 00НФ-000281 | B99: 15.09.2026 | C99: 15.09.2026 | D99: ДНС РИТЕЙЛ ООО | E99: ДНС РИТЕЙЛ ООО | F99: 214179 | G99: 175556.56 | H99: =N(F99)-N(G99) -> 38622.44 | I99: Г-00548574/11094 | J99: Г-00548574/11094 | K99: Основной склад ИП | L99: Основной склад Зеллеон | O99: Расхождение: сумма (A/B = 1.22), склад
A100: 00НФ-000285 | B100: 16.09.2026 | C100: 16.09.2026 | D100: АБСОЛЮТ ТРЕЙД ООО | E100: АБСОЛЮТ ТРЕЙД ООО | F100: 2333916.2 | G100: 2333916.2 | H100: =N(F100)-N(G100) -> 0 | I100: 9160294 | J100: 9160294 | K100: Основной склад Зеллеон | L100: Основной склад Зеллеон | O100: Совпадает
...

Sheet Расхождения
A1: № | B1: Тип расхождения | C1: Номер | D1: Контрагент | E1: Значение в A | F1: Значение в B | G1: Разница A−B, ₽ | H1: Пояснение
A2: 1 | B2: Нет в таблице B | C2: 00НФ-000211 | D2: КАРИН ООО | E2: 17995.23 | G2: =E2 -> 17995.23 | H2: Комментарий в A: дублдь; склад: Основной склад Зеллеон
A3: 2 | B3: Нет в таблице B | C3: 00НФ-000260 | D3: БЕРКС ООО | E3: 2092208.8 | G3: =E3 -> 2092208.8 | H3: Комментарий в A: дубль; склад: Основной склад Зеллеон
A4: 3 | B4: Нет в таблице B | C4: 00НФ-000318 | D4: ЛИКАРД ООО | E4: 47349.79 | G4: =E4 -> 47349.79 | H4: Комментарий в A: —; склад: Основной склад ИП
A5: 4 | B5: Нет в таблице B | C5: 00НФ-000319 | D5: ЛИКАРД ООО | E5: 1183.74 | G5: =E5 -> 1183.74 | H5: Комментарий в A: —; склад: Основной склад ИП
A6: 5 | B6: Сумма | C6: 00НФ-000276 | D6: СЕЛЕКТИС ООО | E6: 197700 | F6: 162049.18 | G6: =E6-F6 -> 35650.82 | H6: A/B = 1.22 — в B сумма без НДС 22%
A7: 6 | B7: Сумма | C7: 00НФ-000279 | D7: Обособленное подразделение "ДНС Ритейл ООО | E7: 136794 | F7: 112126.23 | G7: =E7-F7 -> 24667.77 | H7: A/B = 1.22 — в B сумма без НДС 22%
A8: 7 | B8: Сумма | C8: 00НФ-000280 | D8: ДНС РИТЕЙЛ ООО | E8: 152985 | F8: 125397.54 | G8: =E8-F8 -> 27587.46 | H8: A/B = 1.22 — в B сумма без НДС 22%
A9: 8 | B9: Сумма | C9: 00НФ-000281 | D9: ДНС РИТЕЙЛ ООО | E9: 214179 | F9: 175556.56 | G9: =E9-F9 -> 38622.44 | H9: A/B = 1.22 — в B сумма без НДС 22%
A10: 9 | B10: Сумма | C10: 00НФ-000308 | D10: ГЕТСИ ЛОГИСТИК ООО (ЛО) | E10: 65216.58 | F10: 53456.21 | G10: =E10-F10 -> 11760.37 | H10: A/B = 1.22 — в B сумма без НДС 22%
A11: 10 | B11: Дата | C11: 00НФ-000246 | D11: БЕРКС ООО | E11: 03.08.2026 | F11: 30.07.2026 | H11: коррекция до 1 102 888,39-дата изменена на 30.07,для списания
A12: 11 | B12: Дата | C12: 00НФ-000258 | D12: БЕРКС ООО | E12: 20.08.2026 | F12: 18.08.2026
A13: 12 | B13: Склад | C13: 00НФ-000190 | D13: БРЕНД ТРЕЙД ООО | E13: Склад Z ОС | F13: Основной склад Зеллеон
A14: 13 | B14: Склад | C14: 00НФ-000281 | D14: ДНС РИТЕЙЛ ООО | E14: Основной склад ИП | F14: Основной склад Зеллеон
A15: 14 | B15: Комментарий | C15: 00НФ-000212 | D15: Обособленное подразделение "ДНС Ритейл ООО | E15: дубль | F15: (пусто) | H15: В A помечен как дубль, в B присутствует без пометки — проверить
A16: 15 | B16: Комментарий | C16: 00НФ-000282 | D16: ЭЛТЕКС СПБ ООО | E16: дубль | F16: (пусто) | H16: В A помечен как дубль, в B присутствует без пометки — проверить
